search-string,latest-timestamp
Senior Data Scientist,2020-11-06 06:13:12
Data Scientist,2020-11-06 06:21:23
Senior Data Analyst,1000-01-01 00:00:00
Data Analyst,1000-01-01 00:00:00
Graduate Data Analyst,1000-01-01 00:00:00
Senior Data Engineer,1000-01-01 00:00:00
Data Engineer,1000-01-01 00:00:00
Senior Data Architect,1000-01-01 00:00:00
Data Architect,1000-01-01 00:00:00
Senior Business Intelligence Developer,1000-01-01 00:00:00
Senior BI Developer,1000-01-01 00:00:00
Senior Business Intelligence Specialist,1000-01-01 00:00:00
Senior BI Specialist,1000-01-01 00:00:00
Senior Business Intelligence Analyst,1000-01-01 00:00:00
Senior BI Analyst,1000-01-01 00:00:00
Business Intelligence Developer,1000-01-01 00:00:00
BI Developer,1000-01-01 00:00:00
Business Intelligence Specialist,1000-01-01 00:00:00
BI Specialist,1000-01-01 00:00:00
Business Intelligence Analyst,1000-01-01 00:00:00
BI Analyst,1000-01-01 00:00:00
Senior Machine Learning Engineer,1000-01-01 00:00:00
Machine Learning Engineer,1000-01-01 00:00:00
Data Visualization Developer,1000-01-01 00:00:00
Senior ETL Developer,1000-01-01 00:00:00
ETL Developer,1000-01-01 00:00:00
Senior Database Developer,1000-01-01 00:00:00
Database Developer,1000-01-01 00:00:00
Senior Database Administrator,1000-01-01 00:00:00
Database Administrator,1000-01-01 00:00:00
Senior Cloud Developer,1000-01-01 00:00:00
Senior Cloud Engineer,1000-01-01 00:00:00
Senior Cloud Architect,1000-01-01 00:00:00
Senior Cloud Consultant,1000-01-01 00:00:00
Cloud Developer,1000-01-01 00:00:00
Cloud Engineer,1000-01-01 00:00:00
Cloud Architect,1000-01-01 00:00:00
Cloud Consultant,1000-01-01 00:00:00
