job-id,job-title,job-listing-date,job-url
50890768,Senior Data Scientist,2020-11-05 22:01:24,https://www.seek.com.au/job/50890768
50859345,Senior Data Scientist,2020-11-02 01:20:47,https://www.seek.com.au/job/50859345
50856897,Senior Data Scientist,2020-11-01 22:11:32,https://www.seek.com.au/job/50856897
50850753,Senior Data Scientist,2020-10-30 04:57:47,https://www.seek.com.au/job/50850753
50841554,Senior Data Scientist,2020-10-29 05:00:40,https://www.seek.com.au/job/50841554
50822775,Senior Data Scientist | Snowflake | AWS | MarTech,2020-10-27 04:15:57,https://www.seek.com.au/job/50822775
50797151,Senior Data Scientist,2020-10-22 04:37:06,https://www.seek.com.au/job/50797151
50791588,Senior Data Scientist,2020-10-21 21:16:00,https://www.seek.com.au/job/50791588
50891717,Lead Data Scientist,2020-11-05 23:22:25,https://www.seek.com.au/job/50891717
50891498,Data Scientist,2020-11-05 23:04:46,https://www.seek.com.au/job/50891498
50885434,Data Scientist,2020-11-05 02:53:16,https://www.seek.com.au/job/50885434
50873396,Data Scientist,2020-11-03 23:01:22,https://www.seek.com.au/job/50873396
50870634,Data Scientist Proteomics,2020-11-03 05:55:56,https://www.seek.com.au/job/50870634
50858343,Software Developer,2020-11-02 00:15:16,https://www.seek.com.au/job/50858343
50850806,Junior Data Scientist,2020-10-30 05:00:27,https://www.seek.com.au/job/50850806
50847741,Data Scientist - Oil & Gas OT/IT,2020-10-30 01:46:15,https://www.seek.com.au/job/50847741
50845610,Data Scientist,2020-10-29 23:15:38,https://www.seek.com.au/job/50845610
50838212,Data Scientist (Defence),2020-10-29 01:01:48,https://www.seek.com.au/job/50838212
50829938,Data Science / Advanced Analytics Lead,2020-10-28 01:44:43,https://www.seek.com.au/job/50829938
50824185,"Team Lead, Data Scientist",2020-10-27 06:00:06,https://www.seek.com.au/job/50824185
50823372,Data Scientist,2020-10-27 05:00:09,https://www.seek.com.au/job/50823372
50822430,Data Scientist (Marketing),2020-10-27 03:51:33,https://www.seek.com.au/job/50822430
50806566,Data Scientist,2020-10-23 06:13:55,https://www.seek.com.au/job/50806566
50805367,Data Scientist,2020-10-23 04:43:32,https://www.seek.com.au/job/50805367
50798812,Data Scientist - Personalisation,2020-10-22 06:31:11,https://www.seek.com.au/job/50798812
50793936,X3 Data Scientist | Machine Learning & AI,2020-10-22 00:46:20,https://www.seek.com.au/job/50793936
50793464,Data Scientist (Remote Opportunity),2020-10-22 00:14:01,https://www.seek.com.au/job/50793464
50793451,Data Scientist,2020-10-22 00:12:44,https://www.seek.com.au/job/50793451
50791532,Data Scientist - Modelling Team,2020-10-21 21:01:07,https://www.seek.com.au/job/50791532
50789784,Data Scientist,2020-10-21 06:18:11,https://www.seek.com.au/job/50789784
50788318,Data Scientist-Multiple!,2020-10-21 04:25:46,https://www.seek.com.au/job/50788318
50786699,Data Scientist,2020-10-21 02:33:24,https://www.seek.com.au/job/50786699
50783110,Data Scientist,2020-10-20 21:40:09,https://www.seek.com.au/job/50783110
50781655,Data Scientist,2020-10-20 09:13:11,https://www.seek.com.au/job/50781655
50780692,Data Scientist - $650 - $720/day,2020-10-20 06:33:05,https://www.seek.com.au/job/50780692
50780514,Data Scientist (various positions),2020-10-20 06:16:25,https://www.seek.com.au/job/50780514
50775484,Marketing Data Scientist,2020-10-20 00:16:23,https://www.seek.com.au/job/50775484
50771794,Data Scientist - Recommendation Systems,2020-10-19 06:35:14,https://www.seek.com.au/job/50771794
50771589,Data Scientist,2020-10-19 06:16:08,https://www.seek.com.au/job/50771589
50759817,Data Scientist Lead APAC,2020-10-16 04:56:51,https://www.seek.com.au/job/50759817
50758210,Data Scientist,2020-10-16 03:20:05,https://www.seek.com.au/job/50758210
50756045,Data Scientist,2020-10-16 00:47:37,https://www.seek.com.au/job/50756045
50755753,Data Scientist,2020-10-16 00:28:35,https://www.seek.com.au/job/50755753
50752359,Data Scientist,2020-10-15 06:54:49,https://www.seek.com.au/job/50752359
50746971,Data Scientist,2020-10-15 00:00:50,https://www.seek.com.au/job/50746971
50733835,Data Scientist,2020-10-13 04:44:55,https://www.seek.com.au/job/50733835
50732163,Data Scientist,2020-10-13 02:49:31,https://www.seek.com.au/job/50732163
50727338,Lead Data Scientist,2020-10-12 08:09:36,https://www.seek.com.au/job/50727338
50722561,Principal Data Scientist,2020-10-12 01:31:54,https://www.seek.com.au/job/50722561
50722560,Principal Data Scientist,2020-10-12 01:31:54,https://www.seek.com.au/job/50722560
50721899,Data Scientist,2020-10-12 00:40:31,https://www.seek.com.au/job/50721899
50721394,Principal Data Scientist,2020-10-12 00:01:09,https://www.seek.com.au/job/50721394
50718246,Junior Data Scientist,2020-10-10 00:45:54,https://www.seek.com.au/job/50718246
50880257,Senior Data Analyst,2020-11-04 08:12:14,https://www.seek.com.au/job/50880257
50853680,Real-Time Data Analyst (Oil & Gas),2020-10-30 14:00:48,https://www.seek.com.au/job/50853680
50852219,Senior Data Analyst,2020-10-30 06:23:20,https://www.seek.com.au/job/50852219
50829553,Data Analyst,2020-10-28 01:16:18,https://www.seek.com.au/job/50829553
50819032,Senior Data Analyst,2020-10-26 23:45:12,https://www.seek.com.au/job/50819032
50796082,Senior Data Analyst,2020-10-22 03:24:29,https://www.seek.com.au/job/50796082
50793276,Senior Data Analyst,2020-10-22 00:00:26,https://www.seek.com.au/job/50793276
50786670,Senior Data Analyst,2020-10-21 02:31:35,https://www.seek.com.au/job/50786670
50779358,Senior Data Analyst – Immediate start,2020-10-20 04:52:47,https://www.seek.com.au/job/50779358
50766895,Senior Data Analyst,2020-10-19 00:30:56,https://www.seek.com.au/job/50766895
50747012,Senior Data Analyst,2020-10-15 00:03:06,https://www.seek.com.au/job/50747012
50718672,Senior Data Analyst / Manager,2020-10-10 10:53:35,https://www.seek.com.au/job/50718672
50717079,Senior Data Analyst,2020-10-09 07:31:32,https://www.seek.com.au/job/50717079
50891016,Data Analyst (Junior),2020-11-05 22:27:24,https://www.seek.com.au/job/50891016
50890766,Superannuation Data Analyst,2020-11-05 22:01:23,https://www.seek.com.au/job/50890766
50890746,Data Analyst,2020-11-05 22:00:48,https://www.seek.com.au/job/50890746
50889218,Data Analyst,2020-11-05 08:20:50,https://www.seek.com.au/job/50889218
50886880,Data Analyst and Modeler,2020-11-05 04:33:10,https://www.seek.com.au/job/50886880
50886069,Data Analyst (PowerBI Specialist),2020-11-05 03:34:54,https://www.seek.com.au/job/50886069
50885322,Data Analyst and Modeler,2020-11-05 02:45:12,https://www.seek.com.au/job/50885322
50884943,APS5 Social Research Project Officer/Data Analyst,2020-11-05 02:13:11,https://www.seek.com.au/job/50884943
50884854,DATA ANALYST,2020-11-05 02:06:05,https://www.seek.com.au/job/50884854
50884853,DATA ANALYST,2020-11-05 02:06:05,https://www.seek.com.au/job/50884853
50883097,Market Data Analyst,2020-11-05 00:03:17,https://www.seek.com.au/job/50883097
50882838,Data Analyst,2020-11-04 23:44:13,https://www.seek.com.au/job/50882838
50879962,Data Analyst,2020-11-04 07:06:28,https://www.seek.com.au/job/50879962
50879728,Data Analyst,2020-11-04 06:41:37,https://www.seek.com.au/job/50879728
50879665,Data Analyst,2020-11-04 06:34:46,https://www.seek.com.au/job/50879665
50878882,Data Analyst,2020-11-04 05:37:17,https://www.seek.com.au/job/50878882
50878700,Data Analyst,2020-11-04 05:24:22,https://www.seek.com.au/job/50878700
50877446,Category/Data Analyst,2020-11-04 03:56:47,https://www.seek.com.au/job/50877446
50876974,Data Analyst,2020-11-04 03:20:51,https://www.seek.com.au/job/50876974
50876927,Data Analyst,2020-11-04 03:17:58,https://www.seek.com.au/job/50876927
50876829,Data Analyst,2020-11-04 03:12:48,https://www.seek.com.au/job/50876829
50876800,Junior Systems Analyst,2020-11-04 03:09:20,https://www.seek.com.au/job/50876800
50876396,Senior Health Data Analyst,2020-11-04 02:45:50,https://www.seek.com.au/job/50876396
50875406,Billing and Data Analyst,2020-11-04 01:28:29,https://www.seek.com.au/job/50875406
50874750,Data Analyst,2020-11-04 00:43:09,https://www.seek.com.au/job/50874750
50873523,Data Analyst,2020-11-03 23:14:21,https://www.seek.com.au/job/50873523
50869926,Value Based Health Care Data Analyst - Lismore,2020-11-03 04:45:23,https://www.seek.com.au/job/50869926
50865986,Senior Product Manager / Data Analyst - Growing Start-up Company,2020-11-02 22:46:22,https://www.seek.com.au/job/50865986
50865665,Data Analyst,2020-11-02 22:12:26,https://www.seek.com.au/job/50865665
50864962,Data Analyst - Risk,2020-11-02 18:30:36,https://www.seek.com.au/job/50864962
50864265,Data Analyst,2020-11-02 08:00:54,https://www.seek.com.au/job/50864265
50864024,Data Analyst,2020-11-02 07:16:24,https://www.seek.com.au/job/50864024
50861215,Senior Data Governance Analyst - Banking,2020-11-02 03:34:37,https://www.seek.com.au/job/50861215
50859204,Entry Level Intelligence Analyst,2020-11-02 01:13:30,https://www.seek.com.au/job/50859204
50859203,Entry Level Intelligence Analyst,2020-11-02 01:13:29,https://www.seek.com.au/job/50859203
50858920,Entry Level Intelligence Analyst,2020-11-02 00:57:20,https://www.seek.com.au/job/50858920
50858921,Entry Level Intelligence Analyst,2020-11-02 00:57:20,https://www.seek.com.au/job/50858921
50858754,Customer Data Analyst,2020-11-02 00:45:27,https://www.seek.com.au/job/50858754
50851931,"Resource Data Analyst - Performance, Regulation & Governance",2020-10-30 06:02:31,https://www.seek.com.au/job/50851931
50851929,"Resource Data Analyst - Performance, Regulation & Governance",2020-10-30 06:02:30,https://www.seek.com.au/job/50851929
50851896,"Resource Data Analyst - Performance, Regulation & Governance",2020-10-30 06:02:04,https://www.seek.com.au/job/50851896
50851483,Data Analyst - XML / Excel - Clinical Project - Federal Government!,2020-10-30 05:41:21,https://www.seek.com.au/job/50851483
50850948,Data Analyst,2020-10-30 05:09:08,https://www.seek.com.au/job/50850948
50847680,Asset Data Analyst,2020-10-30 01:42:38,https://www.seek.com.au/job/50847680
50847679,Asset Data Analyst,2020-10-30 01:42:38,https://www.seek.com.au/job/50847679
50847002,BI / Data Analyst,2020-10-30 00:55:33,https://www.seek.com.au/job/50847002
50845451,Quality Assurance Engineer,2020-10-29 23:00:40,https://www.seek.com.au/job/50845451
50845279,SEM Data Analyst,2020-10-29 22:46:43,https://www.seek.com.au/job/50845279
50844560,Computer Programmer / Data Analyst,2020-10-29 21:17:36,https://www.seek.com.au/job/50844560
50842793,Data Analyst,2020-10-29 06:32:03,https://www.seek.com.au/job/50842793
50842093,Data Analyst,2020-10-29 05:38:22,https://www.seek.com.au/job/50842093
50842094,Data Analyst,2020-10-29 05:38:22,https://www.seek.com.au/job/50842094
50840497,Data Analyst,2020-10-29 03:45:34,https://www.seek.com.au/job/50840497
50834970,Data Analyst,2020-10-28 09:59:29,https://www.seek.com.au/job/50834970
50834722,Data Analyst,2020-10-28 08:37:40,https://www.seek.com.au/job/50834722
50834224,Data Analyst,2020-10-28 07:08:11,https://www.seek.com.au/job/50834224
50833630,Data Analyst,2020-10-28 06:07:48,https://www.seek.com.au/job/50833630
50830068,SQL Developer / Data Analyst,2020-10-28 01:53:02,https://www.seek.com.au/job/50830068
50829150,Geo-spatial Data Analyst,2020-10-28 00:51:06,https://www.seek.com.au/job/50829150
50827740,Data Analyst with Agile and Banking experience,2020-10-27 23:08:33,https://www.seek.com.au/job/50827740
50827150,Data Analyst and Quality Systems Officer,2020-10-27 22:22:13,https://www.seek.com.au/job/50827150
50823832,Master Data Analyst,2020-10-27 05:32:20,https://www.seek.com.au/job/50823832
50821022,Data Analyst,2020-10-27 02:08:06,https://www.seek.com.au/job/50821022
50818509,IAM BeyondTrust Onboarding Specialist,2020-10-26 23:01:47,https://www.seek.com.au/job/50818509
50818503,Business Data Analyst,2020-10-26 23:01:39,https://www.seek.com.au/job/50818503
50814510,Data Analyst,2020-10-26 04:56:07,https://www.seek.com.au/job/50814510
50810921,Optimisation Analyst / Data Analyst,2020-10-25 23:59:47,https://www.seek.com.au/job/50810921
50808986,Data Analyst,2020-10-25 02:06:18,https://www.seek.com.au/job/50808986
50798147,Data Analyst/Test Analyst,2020-10-22 05:43:07,https://www.seek.com.au/job/50798147
50796498,Data Analyst,2020-10-22 03:52:23,https://www.seek.com.au/job/50796498
50793071,Graduate Data Analyst,2020-10-21 23:45:43,https://www.seek.com.au/job/50793071
50792053,Data Analyst,2020-10-21 22:18:56,https://www.seek.com.au/job/50792053
50781403,Data Analyst,2020-10-20 08:10:45,https://www.seek.com.au/job/50781403
50781361,SAP Master Data Analyst,2020-10-20 08:00:51,https://www.seek.com.au/job/50781361
50780091,SAP Data Analyst,2020-10-20 05:45:41,https://www.seek.com.au/job/50780091
50780088,Data Analyst ( SAP/Salesforce),2020-10-20 05:45:39,https://www.seek.com.au/job/50780088
50776323,Data Analyst,2020-10-20 01:16:33,https://www.seek.com.au/job/50776323
50775460,Data Analyst,2020-10-20 00:15:24,https://www.seek.com.au/job/50775460
50771403,Data Analyst,2020-10-19 06:01:07,https://www.seek.com.au/job/50771403
50771130,Data Analyst,2020-10-19 05:43:45,https://www.seek.com.au/job/50771130
50765002,Data Analyst | Risk | Data |  $90k-$115k,2020-10-18 21:23:13,https://www.seek.com.au/job/50765002
50761419,Data Analyst - APS6,2020-10-16 06:49:14,https://www.seek.com.au/job/50761419
50760926,Data Analyst,2020-10-16 06:06:10,https://www.seek.com.au/job/50760926
50760659,SAP Master Data Consultant,2020-10-16 05:49:03,https://www.seek.com.au/job/50760659
50759027,Data Analyst - Enterprise Data Maintenance,2020-10-16 04:05:04,https://www.seek.com.au/job/50759027
50758793,Data Analysts,2020-10-16 03:54:35,https://www.seek.com.au/job/50758793
50756384,Data Analyst,2020-10-16 01:10:58,https://www.seek.com.au/job/50756384
50756364,Data Analyst/Data Specialist/Data Mangement,2020-10-16 01:09:48,https://www.seek.com.au/job/50756364
50754965,Data Modeller,2020-10-15 23:21:09,https://www.seek.com.au/job/50754965
50754237,CRM Data Analyst,2020-10-15 22:17:33,https://www.seek.com.au/job/50754237
50752208,Data Analyst /Technical Data Architect,2020-10-15 06:40:11,https://www.seek.com.au/job/50752208
50749214,Data Analyst (Reporting),2020-10-15 02:53:33,https://www.seek.com.au/job/50749214
50746987,Data Analyst/Power BI Developer - Regional Role - Relocation Assistance Provided,2020-10-15 00:01:34,https://www.seek.com.au/job/50746987
50744814,Digital Data Analyst (SQL),2020-10-14 11:30:31,https://www.seek.com.au/job/50744814
50743192,Data Analyst,2020-10-14 05:49:33,https://www.seek.com.au/job/50743192
50568946,Data Analyst,2020-10-14 02:13:29,https://www.seek.com.au/job/50568946
50738998,Data Reporting Analyst,2020-10-14 00:32:08,https://www.seek.com.au/job/50738998
50738444,Research Data Analyst,2020-10-13 23:45:41,https://www.seek.com.au/job/50738444
50737588,Master Data Analyst,2020-10-13 22:25:38,https://www.seek.com.au/job/50737588
50736331,Data Analyst - Multiple roles,2020-10-13 10:00:19,https://www.seek.com.au/job/50736331
50735448,Data Analyst,2020-10-13 06:49:09,https://www.seek.com.au/job/50735448
50735081,Research Data Analyst,2020-10-13 06:15:47,https://www.seek.com.au/job/50735081
50733416,Data Analyst/Scientist,2020-10-13 04:30:38,https://www.seek.com.au/job/50733416
50732963,Data Analyst / Reporting Analyst with S/W Implementation Exp - Consultant Role,2020-10-13 03:39:11,https://www.seek.com.au/job/50732963
50732366,APS4 to EL2 Data Analysts,2020-10-13 03:01:42,https://www.seek.com.au/job/50732366
50730345,Data Analyst,2020-10-13 00:33:46,https://www.seek.com.au/job/50730345
50729925,"Data Analyst - Superannuation, Superb",2020-10-13 00:01:27,https://www.seek.com.au/job/50729925
50729263,Start your new career as a Data Analyst,2020-10-12 23:05:37,https://www.seek.com.au/job/50729263
50724411,Data Analyst,2020-10-12 03:46:32,https://www.seek.com.au/job/50724411
50724133,Business Intelligence Developer / Data Analyst,2020-10-12 03:32:26,https://www.seek.com.au/job/50724133
50720933,GIS and Data Analyst,2020-10-11 23:22:13,https://www.seek.com.au/job/50720933
50719915,Data Analyst,2020-10-11 21:16:17,https://www.seek.com.au/job/50719915
50717332,Data Analyst,2020-10-09 08:28:05,https://www.seek.com.au/job/50717332
50716502,Data Analytics /BI Developer,2020-10-09 06:31:26,https://www.seek.com.au/job/50716502
50708560,Data Analyst/Manager,2020-10-08 08:41:12,https://www.seek.com.au/job/50708560
50706521,Data Analyst/ Tech BA,2020-10-08 04:50:28,https://www.seek.com.au/job/50706521
50702376,Data Analyst,2020-10-07 23:28:29,https://www.seek.com.au/job/50702376
50669480,Business Intelligence Developer/Data Analyst,2020-10-01 08:49:01,https://www.seek.com.au/job/50669480
50699749,Senior Data Engineer,2020-11-03 08:21:56,https://www.seek.com.au/job/50699749
50865782,Senior Data Engineer - Scala/Spark,2020-11-02 22:26:47,https://www.seek.com.au/job/50865782
50864188,Senior Data Engineer (Databricks),2020-11-02 07:45:23,https://www.seek.com.au/job/50864188
50863600,Senior Data Engineer - Azure | Databricks,2020-11-02 06:31:23,https://www.seek.com.au/job/50863600
50861357,Senior Data Engineer,2020-11-02 03:44:59,https://www.seek.com.au/job/50861357
50857737,Senior Data Engineer - Python and AWS,2020-11-01 23:30:42,https://www.seek.com.au/job/50857737
50846463,Senior Data Engineer - Investment Bank,2020-10-30 00:17:06,https://www.seek.com.au/job/50846463
50827263,Data Engineer / Collibra Ranger,2020-10-27 22:31:14,https://www.seek.com.au/job/50827263
50810163,Senior Data Engineer,2020-10-25 22:47:46,https://www.seek.com.au/job/50810163
50808860,Senior Data Engineer - AI/ML,2020-10-24 23:25:36,https://www.seek.com.au/job/50808860
50801742,Senior Data Engineer,2020-10-22 23:29:21,https://www.seek.com.au/job/50801742
50801429,Senior Data Engineer (AWS),2020-10-22 22:54:47,https://www.seek.com.au/job/50801429
50796008,Senior Data Engineer - Banking,2020-10-22 03:18:42,https://www.seek.com.au/job/50796008
50794073,Senior Data Engineer - GCP/AWS,2020-10-22 00:58:13,https://www.seek.com.au/job/50794073
50793916,Senior Data Engineer,2020-10-22 00:45:58,https://www.seek.com.au/job/50793916
50792173,Senior Data Engineer / Solutions Designer,2020-10-21 22:31:10,https://www.seek.com.au/job/50792173
50789794,Senior Data Engineer,2020-10-21 06:19:07,https://www.seek.com.au/job/50789794
50769653,Senior Data Engineer,2020-10-19 04:01:33,https://www.seek.com.au/job/50769653
50757439,Senior Data Engineer / Data Engineer,2020-10-16 02:26:49,https://www.seek.com.au/job/50757439
50756735,Senior Data Engineer,2020-10-16 01:35:47,https://www.seek.com.au/job/50756735
50752413,Senior Data Engineer,2020-10-15 07:00:46,https://www.seek.com.au/job/50752413
50739698,Senior Data Engineer,2020-10-14 01:17:08,https://www.seek.com.au/job/50739698
50734320,Senior Data Engineer,2020-10-13 05:19:48,https://www.seek.com.au/job/50734320
50733453,Senior Data Engineer (Contract),2020-10-13 04:31:29,https://www.seek.com.au/job/50733453
50731422,Data Developer & Senior Data Engineer,2020-10-13 01:50:56,https://www.seek.com.au/job/50731422
50726954,Senior Data Engineer,2020-10-12 07:00:47,https://www.seek.com.au/job/50726954
50722023,"Senior Data Engineer - ETL, Python and AWS",2020-10-12 00:47:43,https://www.seek.com.au/job/50722023
50715868,Senior Data Engineer,2020-10-09 05:43:07,https://www.seek.com.au/job/50715868
50714802,Senior Data Engineer - AWS/Azure/GCP,2020-10-09 04:34:20,https://www.seek.com.au/job/50714802
50891897,Data Engineer,2020-11-05 23:35:40,https://www.seek.com.au/job/50891897
50891267,Data Warehouse Engineer,2020-11-05 22:45:50,https://www.seek.com.au/job/50891267
50890767,"Data Engineer -GCP, Python",2020-11-05 22:01:23,https://www.seek.com.au/job/50890767
50890010,Lead Data Engineer (Python/Hadoop) - Finance - Sydney,2020-11-05 19:25:48,https://www.seek.com.au/job/50890010
50889128,Azure Data Engineer,2020-11-05 07:58:40,https://www.seek.com.au/job/50889128
50888095,Cloud Data Engineer,2020-11-05 06:00:25,https://www.seek.com.au/job/50888095
50884254,Data Engineer / Developer,2020-11-05 01:24:02,https://www.seek.com.au/job/50884254
50882950,Principal Data Engineer,2020-11-04 23:52:15,https://www.seek.com.au/job/50882950
50882585,AWS Data Engineer,2020-11-04 23:25:30,https://www.seek.com.au/job/50882585
50882205,Data Engineer,2020-11-04 23:00:23,https://www.seek.com.au/job/50882205
50880974,"Data Engineer - 6 Month Contract - Python, AWS, Airflow",2020-11-04 19:30:43,https://www.seek.com.au/job/50880974
50879977,Data Engineer,2020-11-04 07:09:39,https://www.seek.com.au/job/50879977
50879768,Data Engineer,2020-11-04 06:45:43,https://www.seek.com.au/job/50879768
50879215,Data Engineer,2020-11-04 06:00:48,https://www.seek.com.au/job/50879215
50876172,Data Engineer,2020-11-04 02:27:59,https://www.seek.com.au/job/50876172
50875870,Big Data Engineer,2020-11-04 02:01:48,https://www.seek.com.au/job/50875870
50875070,Data Engineer,2020-11-04 01:03:25,https://www.seek.com.au/job/50875070
50873120,Data Engineer,2020-11-03 22:39:20,https://www.seek.com.au/job/50873120
50871750,Azure Data Engineer (Melbourne CBD),2020-11-03 10:32:00,https://www.seek.com.au/job/50871750
50866742,Sr.Data Engineer,2020-11-02 23:51:16,https://www.seek.com.au/job/50866742
50866574,Data Engineer,2020-11-02 23:39:20,https://www.seek.com.au/job/50866574
50863977,Data Engineer (AWS / ETL),2020-11-02 07:08:48,https://www.seek.com.au/job/50863977
50863443,Data Engineer / BI Analyst,2020-11-02 06:15:37,https://www.seek.com.au/job/50863443
50862492,Data Engineer,2020-11-02 05:01:59,https://www.seek.com.au/job/50862492
50862209,AWS Data Engineer,2020-11-02 04:41:42,https://www.seek.com.au/job/50862209
50861592,Data Engineer - Microsoft Azure Cloud / PySpark,2020-11-02 04:00:42,https://www.seek.com.au/job/50861592
50861531,Lead Data Engineer,2020-11-02 03:57:10,https://www.seek.com.au/job/50861531
50861249,Data Engineer,2020-11-02 03:37:29,https://www.seek.com.au/job/50861249
50860549,Junior Data Engineer,2020-11-02 02:55:37,https://www.seek.com.au/job/50860549
50860544,Data Engineer,2020-11-02 02:55:06,https://www.seek.com.au/job/50860544
50859003,Cloud Developer/Data Engineer,2020-11-02 01:00:57,https://www.seek.com.au/job/50859003
50859002,Cloud Developer/Data Engineer,2020-11-02 01:00:57,https://www.seek.com.au/job/50859002
50857787,ETL Data Engineer - Matillion,2020-11-01 23:34:31,https://www.seek.com.au/job/50857787
50857275,Data Engineer - Consultant,2020-11-01 22:52:12,https://www.seek.com.au/job/50857275
50856007,Senior Consultant - Data Engineer,2020-11-01 12:00:34,https://www.seek.com.au/job/50856007
50856006,Data Engineer,2020-11-01 12:00:34,https://www.seek.com.au/job/50856006
50855670,Data Engineer / Specialist,2020-11-01 06:20:56,https://www.seek.com.au/job/50855670
50852237,Data Engineer / BI Developer,2020-10-30 06:25:16,https://www.seek.com.au/job/50852237
50851135,Senior Analytics Engineer,2020-10-30 05:20:44,https://www.seek.com.au/job/50851135
50849816,Google Cloud Data Engineer- Sydney,2020-10-30 04:00:37,https://www.seek.com.au/job/50849816
50848140,Data Engineer,2020-10-30 02:15:27,https://www.seek.com.au/job/50848140
50845324,Azure Platform & Data Engineer,2020-10-29 22:50:21,https://www.seek.com.au/job/50845324
50845266,Data Engineer,2020-10-29 22:45:55,https://www.seek.com.au/job/50845266
50845152,Data Engineer,2020-10-29 22:34:05,https://www.seek.com.au/job/50845152
50321856,Senior AWS Big Data Engineer - Sydney and Brisbane,2020-10-29 22:04:32,https://www.seek.com.au/job/50321856
50843606,Data Engineer,2020-10-29 08:58:15,https://www.seek.com.au/job/50843606
50841784,Data Engineer,2020-10-29 05:16:07,https://www.seek.com.au/job/50841784
50841783,Data Engineer,2020-10-29 05:16:07,https://www.seek.com.au/job/50841783
50840516,Cloud Data Engineer,2020-10-29 03:46:29,https://www.seek.com.au/job/50840516
50840314,ETL Data Engineer,2020-10-29 03:32:07,https://www.seek.com.au/job/50840314
50838913,Data Engineer/Business Intelligence Analyst,2020-10-29 01:54:09,https://www.seek.com.au/job/50838913
50838644,Data Engineer,2020-10-29 01:31:12,https://www.seek.com.au/job/50838644
50838563,Data Architect,2020-10-29 01:28:03,https://www.seek.com.au/job/50838563
50837659,Data Engineer,2020-10-29 00:22:19,https://www.seek.com.au/job/50837659
50835777,Data Engineer,2020-10-28 21:30:44,https://www.seek.com.au/job/50835777
50834388,Data Engineer,2020-10-28 07:30:48,https://www.seek.com.au/job/50834388
50831431,DevOps & Systems Engineer - Python Linux Automation Low Latency Trading Systems,2020-10-28 03:29:42,https://www.seek.com.au/job/50831431
50831130,SAS Data Engineer,2020-10-28 03:08:28,https://www.seek.com.au/job/50831130
50829666,Azure Data Engineer/ Developer,2020-10-28 01:26:34,https://www.seek.com.au/job/50829666
50825652,Data Engineer - Azure,2020-10-27 09:45:30,https://www.seek.com.au/job/50825652
50824221,DevOps Data Engineer,2020-10-27 06:01:44,https://www.seek.com.au/job/50824221
50824033,Data Engineer,2020-10-27 05:46:42,https://www.seek.com.au/job/50824033
50824015,Data Engineer,2020-10-27 05:46:08,https://www.seek.com.au/job/50824015
50823862,Cloud Data Engineer,2020-10-27 05:34:05,https://www.seek.com.au/job/50823862
50822057,Data / SQL Engineer,2020-10-27 03:23:50,https://www.seek.com.au/job/50822057
50814583,Senior Network Technician at Net Intellect,2020-10-26 05:00:48,https://www.seek.com.au/job/50814583
50813555,Data Specialist,2020-10-26 03:38:15,https://www.seek.com.au/job/50813555
50810229,"Data Engineer - Data science , Machine learning , SQL, Python, R",2020-10-25 22:55:51,https://www.seek.com.au/job/50810229
50810179,Junior Data Engineer,2020-10-25 22:49:58,https://www.seek.com.au/job/50810179
50810134,"Software / Data Engineer - Python, GCP - PERM",2020-10-25 22:45:33,https://www.seek.com.au/job/50810134
50809942,Data Engineer,2020-10-25 22:15:44,https://www.seek.com.au/job/50809942
50809884,Junior Data Engineer,2020-10-25 22:02:44,https://www.seek.com.au/job/50809884
50809738,AWS Data Engineer,2020-10-25 21:31:14,https://www.seek.com.au/job/50809738
50809664,Data Engineer,2020-10-25 21:01:04,https://www.seek.com.au/job/50809664
50809074,Hybrid Data Engineer/Data Scientist - Senior role,2020-10-25 03:32:18,https://www.seek.com.au/job/50809074
50804701,AWS/ML Data Engineer (Contract),2020-10-23 03:54:07,https://www.seek.com.au/job/50804701
50804426,Data Engineer,2020-10-23 03:31:53,https://www.seek.com.au/job/50804426
50443429,Data Engineer (Streaming/Real-time Integration) - Sydney,2020-10-23 01:42:55,https://www.seek.com.au/job/50443429
50802917,Big Data - Cloudera Consultant,2020-10-23 01:36:38,https://www.seek.com.au/job/50802917
50801878,Data Engineer,2020-10-22 23:45:40,https://www.seek.com.au/job/50801878
50801435,Business Intelligence Data Engineer,2020-10-22 22:55:28,https://www.seek.com.au/job/50801435
50801392,Senior DevOps Data Engineer AWS/Azure,2020-10-22 22:49:03,https://www.seek.com.au/job/50801392
50801357,Data Engineer,2020-10-22 22:44:59,https://www.seek.com.au/job/50801357
50801240,Data Engineer,2020-10-22 22:31:47,https://www.seek.com.au/job/50801240
50799985,Data Engineer,2020-10-22 10:15:17,https://www.seek.com.au/job/50799985
50799688,Data Engineer,2020-10-22 08:32:29,https://www.seek.com.au/job/50799688
50799393,Data Engineer,2020-10-22 07:31:35,https://www.seek.com.au/job/50799393
50798846,Data Engineer (Data Science),2020-10-22 06:33:10,https://www.seek.com.au/job/50798846
50798550,Data Engineer,2020-10-22 06:09:19,https://www.seek.com.au/job/50798550
50798463,"Data Engineer - SSIS, SSRS, Modelling and ETL.",2020-10-22 06:02:14,https://www.seek.com.au/job/50798463
50798458,Application and Data Engineer,2020-10-22 06:01:51,https://www.seek.com.au/job/50798458
50795364,"Expressions of Interest - Data Engineers, BI Consultants and Data Modellers",2020-10-22 02:32:48,https://www.seek.com.au/job/50795364
50793314,Data Engineer,2020-10-22 00:01:50,https://www.seek.com.au/job/50793314
50792741,Tech Lead - Big Data Engineer - design 2 roles,2020-10-21 23:16:16,https://www.seek.com.au/job/50792741
50792318,Big Data Engineer,2020-10-21 22:45:33,https://www.seek.com.au/job/50792318
50791587,Data Engineer - Up to $900/Day,2020-10-21 21:15:57,https://www.seek.com.au/job/50791587
50790130,Data Engineer,2020-10-21 06:58:04,https://www.seek.com.au/job/50790130
50790025,Data Network Engineer,2020-10-21 06:44:11,https://www.seek.com.au/job/50790025
50789582,Platform Data Engineer,2020-10-21 06:01:54,https://www.seek.com.au/job/50789582
50788167,Data Engineer,2020-10-21 04:15:08,https://www.seek.com.au/job/50788167
50781832,Data Engineer,2020-10-20 10:30:59,https://www.seek.com.au/job/50781832
50781818,Data Engineer,2020-10-20 10:21:49,https://www.seek.com.au/job/50781818
50781404,Full Stack Developer/ Data Engineer,2020-10-20 08:10:44,https://www.seek.com.au/job/50781404
50781366,DATA ENGINEER - Expression of Interest,2020-10-20 08:01:09,https://www.seek.com.au/job/50781366
50781320,Data Engineer,2020-10-20 07:53:39,https://www.seek.com.au/job/50781320
50778844,Data Engineer,2020-10-20 04:15:31,https://www.seek.com.au/job/50778844
50775679,Data Engineer,2020-10-20 00:31:08,https://www.seek.com.au/job/50775679
50774212,Data Engineer,2020-10-19 22:38:47,https://www.seek.com.au/job/50774212
50772685,Azure Data Engineer,2020-10-19 09:31:27,https://www.seek.com.au/job/50772685
50772294,Data Engineer,2020-10-19 07:36:24,https://www.seek.com.au/job/50772294
50770755,Data Engineer,2020-10-19 05:15:51,https://www.seek.com.au/job/50770755
50770272,Junior Data Engineer,2020-10-19 04:45:27,https://www.seek.com.au/job/50770272
50763345,Data Engineer,2020-10-17 07:12:07,https://www.seek.com.au/job/50763345
50760615,Data Engineer,2020-10-16 05:47:08,https://www.seek.com.au/job/50760615
50755103,Lead Data Engineer,2020-10-15 23:32:58,https://www.seek.com.au/job/50755103
50740704,Data Engineer – SAP Master Data Management (MDG) - Canberra,2020-10-14 02:35:26,https://www.seek.com.au/job/50740704
50738720,Data Engineer,2020-10-14 00:12:08,https://www.seek.com.au/job/50738720
50738513,Data Engineer | BI Developer,2020-10-13 23:52:51,https://www.seek.com.au/job/50738513
50737832,Senior Azure Data Engineer,2020-10-13 22:47:15,https://www.seek.com.au/job/50737832
50736072,Data Engineer - Software Engineer,2020-10-13 08:31:44,https://www.seek.com.au/job/50736072
50730105,Senior Software/Data Engineer,2020-10-13 00:16:16,https://www.seek.com.au/job/50730105
50728608,Lead Data Engineer,2020-10-12 21:56:42,https://www.seek.com.au/job/50728608
50726448,Data Engineer,2020-10-12 06:08:49,https://www.seek.com.au/job/50726448
50724245,Data Engineer / Data Specialist,2020-10-12 03:37:50,https://www.seek.com.au/job/50724245
50723850,Data Engineer,2020-10-12 03:16:50,https://www.seek.com.au/job/50723850
50722835,"Senior Software / Data Engineer - Python, GCP",2020-10-12 02:01:08,https://www.seek.com.au/job/50722835
50718311,Data Engineer- Spark,2020-10-10 01:30:50,https://www.seek.com.au/job/50718311
50718273,Data Engineer- Azure,2020-10-10 01:01:24,https://www.seek.com.au/job/50718273
50718272,Data Engineer- Azure,2020-10-10 01:01:23,https://www.seek.com.au/job/50718272
50718271,Data Engineer- Azure,2020-10-10 01:01:23,https://www.seek.com.au/job/50718271
50716858,Junior Data Engineer (AWS),2020-10-09 07:00:13,https://www.seek.com.au/job/50716858
50716813,Junior Data Engineer (AWS),2020-10-09 06:56:51,https://www.seek.com.au/job/50716813
50713458,Software Engineer/Data Engineer,2020-10-09 03:10:24,https://www.seek.com.au/job/50713458
50710703,Data Engineer,2020-10-08 23:47:07,https://www.seek.com.au/job/50710703
50710484,Data Engineer,2020-10-08 23:29:15,https://www.seek.com.au/job/50710484
50709824,Data Engineer,2020-10-08 22:22:07,https://www.seek.com.au/job/50709824
50708739,Big Data Engineer - Multiple roles,2020-10-08 09:26:38,https://www.seek.com.au/job/50708739
50706109,Data Engineer - Scala,2020-10-08 04:19:42,https://www.seek.com.au/job/50706109
50701286,Data Engineer,2020-10-07 21:40:05,https://www.seek.com.au/job/50701286
50889107,Salesforce Data Architect (Migration SME) - Lead Consultant,2020-11-05 07:54:32,https://www.seek.com.au/job/50889107
50889092,Salesforce Data Architect (Migration SME) - Lead Consultant,2020-11-05 07:50:19,https://www.seek.com.au/job/50889092
50883527,Senior Data Architect,2020-11-05 00:32:35,https://www.seek.com.au/job/50883527
50875742,Data Architect,2020-11-04 01:53:10,https://www.seek.com.au/job/50875742
50873815,Data Architect - NCSR,2020-11-03 23:34:57,https://www.seek.com.au/job/50873815
50851992,Data Architect,2020-10-30 06:07:20,https://www.seek.com.au/job/50851992
50849839,Enterprise Data Architect,2020-10-30 04:00:57,https://www.seek.com.au/job/50849839
50841599,Enterprise Data Architect,2020-10-29 05:02:50,https://www.seek.com.au/job/50841599
50832312,Enterprise Data Architect,2020-10-28 04:29:55,https://www.seek.com.au/job/50832312
50806669,Architect X 2 roles (Enterprise / Data),2020-10-23 06:24:08,https://www.seek.com.au/job/50806669
50774361,Senior Data Architect - Data Engineering and Cloud.,2020-10-19 22:51:01,https://www.seek.com.au/job/50774361
50752820,Lead SQL Developer/ Data Architect,2020-10-15 08:14:55,https://www.seek.com.au/job/50752820
50714987,Data Architect - AWS,2020-10-15 05:07:47,https://www.seek.com.au/job/50714987
50750900,Information / Data Architect and Solution Architect,2020-10-15 04:51:11,https://www.seek.com.au/job/50750900
50747766,Information / Data Architect and Solution Architect,2020-10-15 01:03:11,https://www.seek.com.au/job/50747766
50741171,Data Architect,2020-10-14 03:10:47,https://www.seek.com.au/job/50741171
50737982,Data Architect,2020-10-13 23:01:46,https://www.seek.com.au/job/50737982
50729236,Technical Architect (Data Architect),2020-10-12 23:02:20,https://www.seek.com.au/job/50729236
50702795,Enterprise Asset Data Solution Architect,2020-10-08 00:04:26,https://www.seek.com.au/job/50702795
50874351,Business Intelligence Developer,2020-11-04 00:14:05,https://www.seek.com.au/job/50874351
50852324,"SQL, Azure, BI Developer, Rolling Contract | ACT",2020-10-30 06:31:06,https://www.seek.com.au/job/50852324
50841372,Senior Business Intelligence Developer,2020-10-29 04:48:04,https://www.seek.com.au/job/50841372
50839656,Business Intelligence Developer,2020-10-29 02:51:47,https://www.seek.com.au/job/50839656
50807819,Business Intelligence Developer,2020-10-23 13:59:19,https://www.seek.com.au/job/50807819
50781736,Business Intelligence Developer,2020-10-20 09:46:10,https://www.seek.com.au/job/50781736
50756907,"Business Intelligence Developer - Power BI, ETL, SQL, SSAS, Azure, Tabular",2020-10-16 01:46:33,https://www.seek.com.au/job/50756907
50755185,Business Intelligence Developer,2020-10-15 23:39:30,https://www.seek.com.au/job/50755185
50742089,Senior Bi Developer,2020-10-14 04:21:55,https://www.seek.com.au/job/50742089
50725491,Senior Power BI Visualisation Specialist,2020-10-12 04:58:36,https://www.seek.com.au/job/50725491
50714228,BI Developer,2020-10-09 03:59:02,https://www.seek.com.au/job/50714228
50890769,MS BI Developer,2020-11-05 22:01:24,https://www.seek.com.au/job/50890769
50872681,BI Developer,2020-11-03 21:55:08,https://www.seek.com.au/job/50872681
50871644,BI Developer,2020-11-03 09:30:03,https://www.seek.com.au/job/50871644
50870967,BI Developer,2020-11-03 06:31:19,https://www.seek.com.au/job/50870967
50870875,Senior Data Services Developer,2020-11-03 06:20:03,https://www.seek.com.au/job/50870875
50869489,"BI Developer (SAS, Python, SQL, Teradata)",2020-11-03 03:59:24,https://www.seek.com.au/job/50869489
50869348,BI Developer,2020-11-03 03:45:31,https://www.seek.com.au/job/50869348
50864351,BI Developer,2020-11-02 08:18:52,https://www.seek.com.au/job/50864351
50864138,BI Developer,2020-11-02 07:35:07,https://www.seek.com.au/job/50864138
50852209,Senior BI Developer,2020-10-30 06:22:32,https://www.seek.com.au/job/50852209
50849512,Senior Power BI Developer,2020-10-30 03:41:06,https://www.seek.com.au/job/50849512
50848348,Data Services Developer - SQL / Teradata,2020-10-30 02:30:42,https://www.seek.com.au/job/50848348
50832453,BI Reporting Analyst,2020-10-28 04:41:03,https://www.seek.com.au/job/50832453
50813761,Power BI Developer,2020-10-26 03:58:08,https://www.seek.com.au/job/50813761
50805523,SQL BI Developer (SSIS/PowerBI),2020-10-23 04:54:54,https://www.seek.com.au/job/50805523
50793462,Microsoft BI Developer/Analyst | 12 Month Contract |,2020-10-22 00:13:54,https://www.seek.com.au/job/50793462
50792610,Power BI Developer,2020-10-21 23:05:51,https://www.seek.com.au/job/50792610
50790538,BI Developer,2020-10-21 08:15:44,https://www.seek.com.au/job/50790538
50788989,Microsoft ETL/BI Developer,2020-10-21 05:16:21,https://www.seek.com.au/job/50788989
50780814,Report Developer: Microsoft SSRS & SSAS,2020-10-20 06:45:59,https://www.seek.com.au/job/50780814
50758969,SQL Developer,2020-10-16 04:02:11,https://www.seek.com.au/job/50758969
50757496,Data Analytics /BI Developer,2020-10-16 02:32:16,https://www.seek.com.au/job/50757496
50744149,"Power BI Developer - ETL, SQL, SSAS, Azure",2020-10-14 07:21:50,https://www.seek.com.au/job/50744149
50743171,BI Analyst / Report Writer,2020-10-14 05:48:03,https://www.seek.com.au/job/50743171
50716711,Power BI developer,2020-10-09 06:53:02,https://www.seek.com.au/job/50716711
50715089,Power BI Developer on SAP Hana,2020-10-09 04:53:54,https://www.seek.com.au/job/50715089
50816244,Business Intelligence Specialist - Growing Automotive Group,2020-10-26 07:32:45,https://www.seek.com.au/job/50816244
50724409,Business Intelligence Specialist - Growing Automotive Group,2020-10-12 03:46:10,https://www.seek.com.au/job/50724409
50886130,BI Specialist,2020-11-05 03:39:59,https://www.seek.com.au/job/50886130
50829772,Data Warehouse and BI Specialist,2020-10-28 01:31:13,https://www.seek.com.au/job/50829772
50760439,Data Visualisation Developer,2020-10-16 05:36:14,https://www.seek.com.au/job/50760439
50885556,Business Intelligence Analyst,2020-11-05 03:00:58,https://www.seek.com.au/job/50885556
50885555,Business Intelligence Analyst,2020-11-05 03:00:58,https://www.seek.com.au/job/50885555
50858670,Growth Opportunity,2020-11-02 00:37:07,https://www.seek.com.au/job/50858670
50851206,Business Intelligence Analyst,2020-10-30 05:25:24,https://www.seek.com.au/job/50851206
50849040,Senior Business Intelligence Analyst,2020-10-30 03:13:06,https://www.seek.com.au/job/50849040
50841085,Business Intelligence Analyst,2020-10-29 04:29:48,https://www.seek.com.au/job/50841085
50834263,Senior Business Intelligence Analyst,2020-10-28 07:14:39,https://www.seek.com.au/job/50834263
50822332,SQL Developer,2020-10-27 03:44:15,https://www.seek.com.au/job/50822332
50820446,Business Intelligence Analyst,2020-10-27 01:18:33,https://www.seek.com.au/job/50820446
50815827,Business Intelligence Analyst,2020-10-26 06:38:32,https://www.seek.com.au/job/50815827
50815691,Business Intelligence Analyst - Federal Government,2020-10-26 06:28:08,https://www.seek.com.au/job/50815691
50815545,Business Intelligence Analyst,2020-10-26 06:15:58,https://www.seek.com.au/job/50815545
50815346,Senior Business Intelligence Analyst,2020-10-26 06:01:14,https://www.seek.com.au/job/50815346
50815232,Business Intelligence Analyst,2020-10-26 05:52:45,https://www.seek.com.au/job/50815232
50815118,Business Intelligence Analyst,2020-10-26 05:45:38,https://www.seek.com.au/job/50815118
50813339,Business Intelligence Analyst,2020-10-26 03:22:32,https://www.seek.com.au/job/50813339
50813026,Business Intelligence Analyst,2020-10-26 03:03:10,https://www.seek.com.au/job/50813026
50812550,BI Analyst,2020-10-26 02:19:03,https://www.seek.com.au/job/50812550
50812495,Business Intelligence Analyst,2020-10-26 02:15:33,https://www.seek.com.au/job/50812495
50811428,Business Intelligence Analyst,2020-10-26 00:41:25,https://www.seek.com.au/job/50811428
50811408,Business Intelligence Analyst - Data Analytics Program,2020-10-26 00:39:07,https://www.seek.com.au/job/50811408
50811119,Business Intelligence Analyst - Multiple Positions!,2020-10-26 00:16:17,https://www.seek.com.au/job/50811119
50811117,Business Intelligence Analyst - Multiple Positions!,2020-10-26 00:16:16,https://www.seek.com.au/job/50811117
50811116,Business Intelligence Analyst - Multiple Positions!,2020-10-26 00:16:16,https://www.seek.com.au/job/50811116
50811115,Business Intelligence Analyst - Multiple Positions!,2020-10-26 00:16:16,https://www.seek.com.au/job/50811115
50781836,Business Intelligence Analyst,2020-10-20 10:32:39,https://www.seek.com.au/job/50781836
50780543,Business Intelligence Analyst - Qlik Sense,2020-10-20 06:19:30,https://www.seek.com.au/job/50780543
50768722,Senior Business Intelligence Analyst,2020-10-19 03:00:47,https://www.seek.com.au/job/50768722
50767338,Business Intelligence Analyst,2020-10-19 01:04:54,https://www.seek.com.au/job/50767338
50765159,BUSINESS INTELLIGENCE ANALYST | INNOVATIVE & GROWING COMPANY,2020-10-18 21:52:08,https://www.seek.com.au/job/50765159
50760518,Business Intelligence Analyst,2020-10-16 05:40:54,https://www.seek.com.au/job/50760518
50757060,Business Intelligence Analyst,2020-10-16 01:56:58,https://www.seek.com.au/job/50757060
50756964,Business Intelligence Analyst,2020-10-16 01:50:10,https://www.seek.com.au/job/50756964
50756816,Business Intelligence Analyst,2020-10-16 01:41:12,https://www.seek.com.au/job/50756816
50756671,Business Intelligence Analyst,2020-10-16 01:31:18,https://www.seek.com.au/job/50756671
50743868,Senior Business Intelligence Analyst,2020-10-14 06:45:30,https://www.seek.com.au/job/50743868
50738197,Business Intelligence Analyst,2020-10-13 23:23:09,https://www.seek.com.au/job/50738197
50733621,Business Intelligence Analyst,2020-10-13 04:30:12,https://www.seek.com.au/job/50733621
50723966,Business Intelligence Analyst,2020-10-12 03:23:28,https://www.seek.com.au/job/50723966
50883554,BI Analyst,2020-11-05 00:34:34,https://www.seek.com.au/job/50883554
50853124,SQL Developer/BI Analyst,2020-10-30 08:06:14,https://www.seek.com.au/job/50853124
50814024,BI Analyst,2020-10-26 04:16:58,https://www.seek.com.au/job/50814024
50763265,BI Development Specialist - Tableau,2020-10-17 05:15:32,https://www.seek.com.au/job/50763265
50762795,Power BI Analyst - Urgent Contract,2020-10-16 23:01:02,https://www.seek.com.au/job/50762795
50858034,Machine Learning Engineer  (Computer vision),2020-11-01 23:52:15,https://www.seek.com.au/job/50858034
50824517,Machine Learning Engineer,2020-10-27 06:29:04,https://www.seek.com.au/job/50824517
50812514,Senior Data Science/Machine Learning Engineer,2020-10-26 02:15:56,https://www.seek.com.au/job/50812514
50804413,Machine Learning Engineer,2020-10-23 03:30:37,https://www.seek.com.au/job/50804413
50787548,Machine Learning Engineer  (Computer vision),2020-10-21 03:30:47,https://www.seek.com.au/job/50787548
50742723,GCP ML Engineer,2020-10-14 05:15:51,https://www.seek.com.au/job/50742723
50723567,Machine Learning Engineer  (Computer vision),2020-10-12 03:01:03,https://www.seek.com.au/job/50723567
50840230,Data Warehouse and ETL Developer,2020-10-29 03:28:25,https://www.seek.com.au/job/50840230
50840229,Data Warehouse and ETL Developer,2020-10-29 03:28:24,https://www.seek.com.au/job/50840229
50780321,ETL Developer - Big Data - Azure Data Factory (Must have),2020-10-20 06:01:32,https://www.seek.com.au/job/50780321
50752746,SAS DI/ETL Developer,2020-10-15 07:56:12,https://www.seek.com.au/job/50752746
50752433,SAS DI/ ETL Developer,2020-10-15 07:02:00,https://www.seek.com.au/job/50752433
50751803,SAS DI / ETL Developer,2020-10-15 06:02:10,https://www.seek.com.au/job/50751803
50735767,ETL Developer - Fixed term contract,2020-10-13 07:31:00,https://www.seek.com.au/job/50735767
50735576,ETL Developer,2020-10-13 07:02:07,https://www.seek.com.au/job/50735576
50770381,Senior Oracle Developer,2020-10-19 04:50:53,https://www.seek.com.au/job/50770381
50873218,SQL Server Database Developer,2020-11-03 22:47:07,https://www.seek.com.au/job/50873218
50851027,Database Developer/BA,2020-10-30 05:15:32,https://www.seek.com.au/job/50851027
50823094,Database Developer,2020-10-27 04:39:50,https://www.seek.com.au/job/50823094
50812060,Molecular Modeler / Computational Chemist / Database Developer,2020-10-26 01:40:41,https://www.seek.com.au/job/50812060
50785040,Oracle Database Developer,2020-10-21 00:33:05,https://www.seek.com.au/job/50785040
50751664,SQL Server Developer (Azure migration),2020-10-15 05:52:35,https://www.seek.com.au/job/50751664
50747210,SQL Database Developer,2020-10-15 00:19:17,https://www.seek.com.au/job/50747210
50729048,Software Developer (VB6),2020-10-12 22:46:52,https://www.seek.com.au/job/50729048
50708453,SQL Database Developer,2020-10-08 08:10:06,https://www.seek.com.au/job/50708453
50835377,Senior Database Administrator,2020-10-28 18:31:06,https://www.seek.com.au/job/50835377
50835375,Senior Database Administrator,2020-10-28 18:31:04,https://www.seek.com.au/job/50835375
50834896,Oracle DBA,2020-10-28 09:16:50,https://www.seek.com.au/job/50834896
50795818,Azure Cloud & AI Consultant,2020-10-22 03:05:51,https://www.seek.com.au/job/50795818
50769638,Senior Database Administrator – Informix,2020-10-19 04:00:57,https://www.seek.com.au/job/50769638
50701771,DBA - MS SQL/.NET Dev,2020-10-07 22:33:56,https://www.seek.com.au/job/50701771
50881146,Database Administrator,2020-11-04 20:32:24,https://www.seek.com.au/job/50881146
50879294,SAP Basis and Database Administrator,2020-11-04 06:06:13,https://www.seek.com.au/job/50879294
50869923,Senior Oracle Database Administrator,2020-11-03 04:45:20,https://www.seek.com.au/job/50869923
50867676,Oracle DBA,2020-11-03 01:15:44,https://www.seek.com.au/job/50867676
50849695,Database Administrator,2020-10-30 03:53:50,https://www.seek.com.au/job/50849695
50839496,Database Administrator - Baseline Clearance,2020-10-29 02:40:12,https://www.seek.com.au/job/50839496
50834893,Database Administrator(DBA),2020-10-28 09:15:44,https://www.seek.com.au/job/50834893
50814799,Database Administrator,2020-10-26 05:19:20,https://www.seek.com.au/job/50814799
50804639,Database Administrator,2020-10-23 03:48:21,https://www.seek.com.au/job/50804639
50798184,DevOps DBA - DevOps | SQL Server | Cloud - Financial Services,2020-10-22 05:45:39,https://www.seek.com.au/job/50798184
50795138,Database Administrator,2020-10-22 02:15:40,https://www.seek.com.au/job/50795138
50780836,IT Database Administrator,2020-10-20 06:47:16,https://www.seek.com.au/job/50780836
50779663,Database Administrator,2020-10-20 05:16:06,https://www.seek.com.au/job/50779663
50775300,Database Administrator,2020-10-20 00:01:35,https://www.seek.com.au/job/50775300
50761175,Power BI and Alteryx Support Specialist,2020-10-16 06:26:43,https://www.seek.com.au/job/50761175
50746024,Database Administrator,2020-10-14 22:40:14,https://www.seek.com.au/job/50746024
50742337,Oracle Database Administrator,2020-10-14 04:45:08,https://www.seek.com.au/job/50742337
50861675,Cloud Developer with PHP experience,2020-11-02 04:03:44,https://www.seek.com.au/job/50861675
50855938,Fintech Development Team Leader,2020-11-01 10:36:12,https://www.seek.com.au/job/50855938
50836106,Full Stack Cloud Developer – Perpetual Digital,2020-10-28 22:15:34,https://www.seek.com.au/job/50836106
50795911,Cloud Developer,2020-10-22 03:13:06,https://www.seek.com.au/job/50795911
50737452,Salesforce Marketing Cloud Consultant,2020-10-13 22:14:06,https://www.seek.com.au/job/50737452
50727725,GCP Daveloper,2020-10-12 10:12:11,https://www.seek.com.au/job/50727725
50891982,Azure Cloud Engineer,2020-11-05 23:42:03,https://www.seek.com.au/job/50891982
50888528,Azure Cloud Engineer,2020-11-05 06:34:07,https://www.seek.com.au/job/50888528
50888479,Azure Cloud Engineer,2020-11-05 06:31:01,https://www.seek.com.au/job/50888479
50888477,AWS Cloud Engineer,2020-11-05 06:31:00,https://www.seek.com.au/job/50888477
50888451,AWS Cloud Engineer,2020-11-05 06:30:13,https://www.seek.com.au/job/50888451
50888396,AWS Cloud Engineer,2020-11-05 06:25:07,https://www.seek.com.au/job/50888396
50887812,AWS Cloud Engineer,2020-11-05 05:39:08,https://www.seek.com.au/job/50887812
50887767,Azure Cloud Engineer,2020-11-05 05:35:08,https://www.seek.com.au/job/50887767
50887609,AWS Cloud Engineer,2020-11-05 05:25:08,https://www.seek.com.au/job/50887609
50887277,AWS Cloud Engineer,2020-11-05 05:01:01,https://www.seek.com.au/job/50887277
50887214,Azure Cloud Engineer,2020-11-05 04:58:06,https://www.seek.com.au/job/50887214
50886839,Cloud Engineers - multiple positions (AWS & Azure),2020-11-05 04:31:11,https://www.seek.com.au/job/50886839
50886814,Cloud Engineer - multiple positions (AWS & Azure),2020-11-05 04:30:12,https://www.seek.com.au/job/50886814
50886622,Azure Cloud Engineer,2020-11-05 04:16:26,https://www.seek.com.au/job/50886622
50886621,Azure Cloud Engineer,2020-11-05 04:16:23,https://www.seek.com.au/job/50886621
50886004,Senior Cloud Engineer,2020-11-05 03:31:11,https://www.seek.com.au/job/50886004
50882675,DevOps Engineer,2020-11-04 23:31:56,https://www.seek.com.au/job/50882675
50882448,Cloud Engineer,2020-11-04 23:15:41,https://www.seek.com.au/job/50882448
50880639,Azure Cloud Engineer,2020-11-04 10:22:06,https://www.seek.com.au/job/50880639
50879136,Senior Cloud Engineer,2020-11-04 05:57:28,https://www.seek.com.au/job/50879136
50878984,Cloud Engineer,2020-11-04 05:45:05,https://www.seek.com.au/job/50878984
50878431,Cloud Consultant,2020-11-04 05:03:06,https://www.seek.com.au/job/50878431
50877172,Senior Cloud Engineer,2020-11-04 03:35:01,https://www.seek.com.au/job/50877172
50874388,Cloud Engineer,2020-11-04 00:15:56,https://www.seek.com.au/job/50874388
50874335,Cloud Engineer,2020-11-04 00:13:13,https://www.seek.com.au/job/50874335
50871357,Azure Cloud Engineer,2020-11-03 07:45:29,https://www.seek.com.au/job/50871357
50868523,Cloud Engineer - Azure + GCP,2020-11-03 02:31:40,https://www.seek.com.au/job/50868523
50866639,Cloud Engineer x 2,2020-11-02 23:45:30,https://www.seek.com.au/job/50866639
50864619,Cloud Engineer (Azure),2020-11-02 09:42:43,https://www.seek.com.au/job/50864619
50863690,Senior Windows Cloud Engineer - NV1,2020-11-02 06:45:05,https://www.seek.com.au/job/50863690
50861834,VMware Cloud Engineer (VDI) - Sydney,2020-11-02 04:15:50,https://www.seek.com.au/job/50861834
50859033,Cloud Engineer,2020-11-02 01:02:11,https://www.seek.com.au/job/50859033
50857054,Cloud Engineer,2020-11-01 22:30:45,https://www.seek.com.au/job/50857054
50854581,Cloud Engineer - Azure Public Cloud,2020-10-31 05:55:36,https://www.seek.com.au/job/50854581
50854579,Senior Cloud Engineer - Azure Public Cloud,2020-10-31 05:52:22,https://www.seek.com.au/job/50854579
50850561,Senior Cloud Architect,2020-10-30 04:46:01,https://www.seek.com.au/job/50850561
50849658,Azure Cloud Engineer,2020-10-30 03:50:09,https://www.seek.com.au/job/50849658
50847287,Cloud Engineer,2020-10-30 01:14:27,https://www.seek.com.au/job/50847287
50845220,Cloud Engineer,2020-10-29 22:42:34,https://www.seek.com.au/job/50845220
50842734,Cloud Engineer,2020-10-29 06:29:43,https://www.seek.com.au/job/50842734
50841563,Senior Cloud Engineer,2020-10-29 05:00:55,https://www.seek.com.au/job/50841563
50839608,Mobile App Engineer,2020-10-29 02:47:49,https://www.seek.com.au/job/50839608
50836082,Senior Cloud Engineer Lead,2020-10-28 22:12:30,https://www.seek.com.au/job/50836082
50835068,Azure Cloud Engineer,2020-10-28 10:43:21,https://www.seek.com.au/job/50835068
50833320,Azure Cloud Engineer,2020-10-28 05:44:32,https://www.seek.com.au/job/50833320
50833087,Cloud Engineer-Azure,2020-10-28 05:26:59,https://www.seek.com.au/job/50833087
50832984,Cloud Engineer,2020-10-28 05:17:29,https://www.seek.com.au/job/50832984
50832744,Lead Cloud Consultant - GCP,2020-10-28 05:01:02,https://www.seek.com.au/job/50832744
50832500,Lead Cloud Consultant - GCP,2020-10-28 04:45:37,https://www.seek.com.au/job/50832500
50832336,Azure cloud engineer,2020-10-28 04:30:53,https://www.seek.com.au/job/50832336
50832131,Lead Cloud Engineer - GCP Contract,2020-10-28 04:16:19,https://www.seek.com.au/job/50832131
50831285,Cloud engineer virtualisation,2020-10-28 03:18:37,https://www.seek.com.au/job/50831285
50826633,Azure Cloud Engineer (12 month contract),2020-10-27 21:10:19,https://www.seek.com.au/job/50826633
50824943,Senior Azure Cloud Engineer,2020-10-27 07:10:10,https://www.seek.com.au/job/50824943
50822446,Senior Cloud Engineer Lead,2020-10-27 03:53:15,https://www.seek.com.au/job/50822446
50815144,Cloud Engineer,2020-10-26 05:46:16,https://www.seek.com.au/job/50815144
50810162,Cloud Engineer,2020-10-25 22:47:36,https://www.seek.com.au/job/50810162
50810112,Senior / Lead DevOps Cloud Engineer,2020-10-25 22:42:51,https://www.seek.com.au/job/50810112
50805799,Cloud Lead - Azure,2020-10-23 05:15:36,https://www.seek.com.au/job/50805799
50798435,Senior Cloud Engineer,2020-10-22 06:01:10,https://www.seek.com.au/job/50798435
50797828,Senior Cloud Engineer,2020-10-22 05:22:43,https://www.seek.com.au/job/50797828
50796138,Senior Cloud Engineer - Disaster Recovery,2020-10-22 03:28:09,https://www.seek.com.au/job/50796138
50794501,Microsoft Cloud Engineer,2020-10-22 01:27:10,https://www.seek.com.au/job/50794501
50794415,Infrastructure and Cloud Engineer,2020-10-22 01:21:08,https://www.seek.com.au/job/50794415
50791947,Senior Cloud Engineer,2020-10-21 22:07:35,https://www.seek.com.au/job/50791947
50790902,Senior Cloud Engineer,2020-10-21 10:08:23,https://www.seek.com.au/job/50790902
50789310,Senior Cloud Engineer,2020-10-21 05:41:09,https://www.seek.com.au/job/50789310
50785015,Senior Cloud Engineer,2020-10-21 00:32:15,https://www.seek.com.au/job/50785015
50784552,Cloud Engineer,2020-10-20 23:57:21,https://www.seek.com.au/job/50784552
50781925,Cloud Engineer,2020-10-20 11:45:24,https://www.seek.com.au/job/50781925
50781880,Virtualisation Engineer - VDI,2020-10-20 11:01:39,https://www.seek.com.au/job/50781880
50781881,Cloud Engineer -Virtualisation and EUC,2020-10-20 11:01:39,https://www.seek.com.au/job/50781881
50780864,Cloud Engineer,2020-10-20 06:50:07,https://www.seek.com.au/job/50780864
50780316,Cloud Engineer,2020-10-20 06:01:25,https://www.seek.com.au/job/50780316
50778573,Genesys Cloud Engineer,2020-10-20 03:59:42,https://www.seek.com.au/job/50778573
50778388,Cloud Engineer (Virtualisation & EUC),2020-10-20 03:46:22,https://www.seek.com.au/job/50778388
50775234,Cloud Engineer,2020-10-20 00:00:06,https://www.seek.com.au/job/50775234
50772091,"NAB Intern, Cloud Engineer",2020-10-19 07:04:58,https://www.seek.com.au/job/50772091
50771220,Cloud Engineer,2020-10-19 05:50:05,https://www.seek.com.au/job/50771220
50770092,AWS Cloud Engineer,2020-10-19 04:33:34,https://www.seek.com.au/job/50770092
50764669,Cloud Engineer (FDG),2020-10-18 19:00:53,https://www.seek.com.au/job/50764669
50762774,Cloud Engineer,2020-10-16 22:45:25,https://www.seek.com.au/job/50762774
50760848,Oracle Cloud Engineer,2020-10-16 06:01:17,https://www.seek.com.au/job/50760848
50758524,Cloud Systems Engineer (Microsoft),2020-10-16 04:27:32,https://www.seek.com.au/job/50758524
50756882,Cloud Engineer,2020-10-16 01:45:42,https://www.seek.com.au/job/50756882
50755271,Senior Cloud Engineer,2020-10-15 23:46:28,https://www.seek.com.au/job/50755271
50752712,Cloud Engineer,2020-10-15 07:48:42,https://www.seek.com.au/job/50752712
50751529,Cloud Engineer,2020-10-15 05:42:13,https://www.seek.com.au/job/50751529
50750864,Senior Cloud Engineer,2020-10-15 04:49:06,https://www.seek.com.au/job/50750864
50735758,Senior Cloud Solutions Engineer,2020-10-13 07:29:12,https://www.seek.com.au/job/50735758
50735561,Senior AWS Engineer - Agile,2020-10-13 07:01:21,https://www.seek.com.au/job/50735561
50729811,Azure Cloud Engineer,2020-10-12 23:52:49,https://www.seek.com.au/job/50729811
50727305,Cloud Engineer - Infrastructure/Automation,2020-10-12 08:01:49,https://www.seek.com.au/job/50727305
50725850,Senior System Engineer,2020-10-12 05:25:09,https://www.seek.com.au/job/50725850
50720815,Senior Network Engineer | Hybrid Cloud | VMware| vSphere | HyperV | Netscaler,2020-10-11 23:13:05,https://www.seek.com.au/job/50720815
50717040,Lead Systems / Cloud Engineer - NFP Christian Organisation,2020-10-09 07:23:14,https://www.seek.com.au/job/50717040
50711361,Network and Security Cloud engineer,2020-10-09 00:40:12,https://www.seek.com.au/job/50711361
50703826,Azure Technical Lead,2020-10-08 01:26:08,https://www.seek.com.au/job/50703826
50702197,Cloud Engineer,2020-10-07 23:12:53,https://www.seek.com.au/job/50702197
50701543,Cloud Engineer,2020-10-07 22:15:37,https://www.seek.com.au/job/50701543
