job-id,job-domain,search-string,job-title,job-listing-date
50898428,Data Science,Senior Data Scientist,Senior Data Scientist,2020-11-06 06:13:12
50890768,Data Science,Senior Data Scientist,Senior Data Scientist,2020-11-05 22:01:24
50859345,Data Science,Senior Data Scientist,Senior Data Scientist,2020-11-02 01:20:47
50856897,Data Science,Senior Data Scientist,Senior Data Scientist,2020-11-01 22:11:32
50850753,Data Science,Senior Data Scientist,Senior Data Scientist,2020-10-30 04:57:47
50841554,Data Science,Senior Data Scientist,Senior Data Scientist,2020-10-29 05:00:40
50822775,Data Science,Senior Data Scientist,Senior Data Scientist | Snowflake | AWS | MarTech,2020-10-27 04:15:57
50797151,Data Science,Senior Data Scientist,Senior Data Scientist,2020-10-22 04:37:06
50791588,Data Science,Senior Data Scientist,Senior Data Scientist,2020-10-21 21:16:00
50898558,Data Science,Data Scientist,Data Scientist,2020-11-06 06:21:23
50898428,Data Science,Data Scientist,Senior Data Scientist,2020-11-06 06:13:12
50891717,Data Science,Data Scientist,Lead Data Scientist,2020-11-05 23:22:25
50891498,Data Science,Data Scientist,Data Scientist,2020-11-05 23:04:46
50890768,Data Science,Data Scientist,Senior Data Scientist,2020-11-05 22:01:24
50885434,Data Science,Data Scientist,Data Scientist,2020-11-05 02:53:16
50873396,Data Science,Data Scientist,Data Scientist,2020-11-03 23:01:22
50870634,Data Science,Data Scientist,Data Scientist Proteomics,2020-11-03 05:55:56
50859345,Data Science,Data Scientist,Senior Data Scientist,2020-11-02 01:20:47
50858343,Data Science,Data Scientist,Software Developer,2020-11-02 00:15:16
50856897,Data Science,Data Scientist,Senior Data Scientist,2020-11-01 22:11:32
50850806,Data Science,Data Scientist,Junior Data Scientist,2020-10-30 05:00:27
50850753,Data Science,Data Scientist,Senior Data Scientist,2020-10-30 04:57:47
50847741,Data Science,Data Scientist,Data Scientist - Oil & Gas OT/IT,2020-10-30 01:46:15
50845610,Data Science,Data Scientist,Data Scientist,2020-10-29 23:15:38
50841554,Data Science,Data Scientist,Senior Data Scientist,2020-10-29 05:00:40
50838212,Data Science,Data Scientist,Data Scientist (Defence),2020-10-29 01:01:48
50829938,Data Science,Data Scientist,Data Science / Advanced Analytics Lead,2020-10-28 01:44:43
50824185,Data Science,Data Scientist,"Team Lead, Data Scientist",2020-10-27 06:00:06
50823372,Data Science,Data Scientist,Data Scientist,2020-10-27 05:00:09
50822775,Data Science,Data Scientist,Senior Data Scientist | Snowflake | AWS | MarTech,2020-10-27 04:15:57
50822430,Data Science,Data Scientist,Data Scientist (Marketing),2020-10-27 03:51:33
50806566,Data Science,Data Scientist,Data Scientist,2020-10-23 06:13:55
50805367,Data Science,Data Scientist,Data Scientist,2020-10-23 04:43:32
50798812,Data Science,Data Scientist,Data Scientist - Personalisation,2020-10-22 06:31:11
50797151,Data Science,Data Scientist,Senior Data Scientist,2020-10-22 04:37:06
50793936,Data Science,Data Scientist,X3 Data Scientist | Machine Learning & AI,2020-10-22 00:46:20
50793464,Data Science,Data Scientist,Data Scientist (Remote Opportunity),2020-10-22 00:14:01
50793451,Data Science,Data Scientist,Data Scientist,2020-10-22 00:12:44
50791588,Data Science,Data Scientist,Senior Data Scientist,2020-10-21 21:16:00
50791532,Data Science,Data Scientist,Data Scientist - Modelling Team,2020-10-21 21:01:07
50789784,Data Science,Data Scientist,Data Scientist,2020-10-21 06:18:11
50788318,Data Science,Data Scientist,Data Scientist-Multiple!,2020-10-21 04:25:46
50786699,Data Science,Data Scientist,Data Scientist,2020-10-21 02:33:24
50783110,Data Science,Data Scientist,Data Scientist,2020-10-20 21:40:09
50781655,Data Science,Data Scientist,Data Scientist,2020-10-20 09:13:11
50780692,Data Science,Data Scientist,Data Scientist - $650 - $720/day,2020-10-20 06:33:05
50780514,Data Science,Data Scientist,Data Scientist (various positions),2020-10-20 06:16:25
50775484,Data Science,Data Scientist,Marketing Data Scientist,2020-10-20 00:16:23
50771794,Data Science,Data Scientist,Data Scientist - Recommendation Systems,2020-10-19 06:35:14
50771589,Data Science,Data Scientist,Data Scientist,2020-10-19 06:16:08
50759817,Data Science,Data Scientist,Data Scientist Lead APAC,2020-10-16 04:56:51
50758210,Data Science,Data Scientist,Data Scientist,2020-10-16 03:20:05
50756045,Data Science,Data Scientist,Data Scientist,2020-10-16 00:47:37
50755753,Data Science,Data Scientist,Data Scientist,2020-10-16 00:28:35
50752359,Data Science,Data Scientist,Data Scientist,2020-10-15 06:54:49
50746971,Data Science,Data Scientist,Data Scientist,2020-10-15 00:00:50
50733835,Data Science,Data Scientist,Data Scientist,2020-10-13 04:44:55
50732163,Data Science,Data Scientist,Data Scientist,2020-10-13 02:49:31
50727338,Data Science,Data Scientist,Lead Data Scientist,2020-10-12 08:09:36
50722561,Data Science,Data Scientist,Principal Data Scientist,2020-10-12 01:31:54
50722560,Data Science,Data Scientist,Principal Data Scientist,2020-10-12 01:31:54
50721899,Data Science,Data Scientist,Data Scientist,2020-10-12 00:40:31
50721394,Data Science,Data Scientist,Principal Data Scientist,2020-10-12 00:01:09
